id,sr_no,merit_no,roll_no,reg_no,name,father_name,mobile,email,district,selected_as,verify_status_10,verify_status_12,verify_status_tech,verify_status_domicile,verify_status_caste,verify_status_ews,address,status,posting_district,issued_letter,verification_date,issue_date,allotment_date
UPP-2976,1,3,ROLL314812,REG5261830,Arhaan Verma,Lakshay Bal,6785203473,tejasbali@yahoo.com,Kanpur,UR,Verified,Verified,Offline Verified,Verified,N/A,N/A,House No. 886  Station Road,Pending,Unassigned,false,,,
UPP-4903,2,4,ROLL396061,REG6243942,Drishya Kapur,Farhan Hayer,9530926199,anika69@chawla.com,Jhansi,UR,Verified,Verified,Verified,Verified,Verified,N/A,House No. 514  Civil Lines,Verified,Ayodhya,true,2026-05-15,2026-05-15,2026-05-15
UPP-9987,3,6,ROLL883300,REG1559092,Adah Vig,Emir Krish,7153172217,aarna15@chahal-sathe.net,Unnao,UR,Verified,Verified,Verified,Verified,N/A,N/A,House No. 862  Indira Nagar,Verified,Prayagraj,true,2026-05-15,2026-05-15,2026-05-15
UPP-4020,4,8,ROLL989306,REG1254759,Tushar Bora,Sahil Seth,9866948041,chatterjeediya@hayer-gopal.com,Gorakhpur,UR,Verified,Verified,Verified,Verified,N/A,N/A,House No. 532  Civil Lines,Verified,Gautam Buddha Nagar,true,2026-05-15,2026-05-15,2026-05-15
UPP-7973,5,9,ROLL552764,REG1073902,Anay Raja,Siya Soni,7030799628,aarnatoor@agrawal-mahajan.biz,Varanasi,UR,Verified,Verified,Verified,Verified,N/A,Verified,House No. 661  MG Road,Verified,Unassigned,true,2026-05-15,2026-05-15,
UPP-8397,6,10,ROLL668128,REG4202026,Vivaan Dada,Piya Rout,9107267065,deshpandekavya@jha.com,Varanasi,UR,Verified,Verified,Verified,Verified,Verified,N/A,House No. 772  Station Road,Pending,Unassigned,false,,,
UPP-8143,7,15,ROLL202014,REG7341706,Nakul Tara,Hansh Sathe,6324208733,iravi@vasa.biz,Ayodhya,UR,Verified,Verified,Verified,Verified,N/A,N/A,House No. 328  Indira Nagar,Pending,Unassigned,false,,,
UPP-6610,8,18,ROLL909845,REG5896610,Umang Kamdar,Kaira Talwar,8040050609,kumeruthkarsh@karpe-divan.org,Meerut,UR,Offline Verified,Offline Verified,Verified,Verified,N/A,N/A,House No. 368  Rajajipuram,Pending,Unassigned,false,,,
UPP-4963,9,23,ROLL346943,REG2704187,Fateh Kanda,Pranay Batta,6596528069,bkhosla@yahoo.com,Kanpur,UR,Verified,Offline Verified,Offline Verified,Verified,N/A,N/A,House No. 419  Civil Lines,Pending,Unassigned,false,,,
UPP-6322,10,26,ROLL340941,REG3550472,Shlok Gera,Divit Walia,7465762169,jhanvidar@yahoo.com,Agra,UR,Verified,Verified,Verified,Verified,N/A,N/A,House No. 395  Shivaji Nagar,Pending,Unassigned,false,,,
UPP-1762,11,30,ROLL793875,REG6558698,Zoya Bhatia,Sahil Mannan,7909165906,basakheer@gmail.com,Varanasi,UR,Offline Verified,Offline Verified,Verified,Verified,N/A,N/A,House No. 656  Ashok Vihar,Pending,Unassigned,false,,,
UPP-9737,12,31,ROLL616193,REG2315233,Romil Barad,Arhaan Apte,6934820809,nirvaansunder@yahoo.com,Unnao,UR,Verified,Verified,Verified,Verified,N/A,N/A,House No. 476  MG Road,Pending,Unassigned,false,,,
UPP-9691,13,35,ROLL301370,REG5776705,Pihu Bhavsar,Dhanush Bobal,8868236743,vedikadutta@suri.net,Prayagraj,UR,Verified,Verified,Verified,Verified,N/A,N/A,House No. 850  Civil Lines,Pending,Unassigned,false,,,
UPP-5161,14,35,ROLL947044,REG2087122,Nakul Khosla,Rati Kaul,9509049005,gdhar@gmail.com,Meerut,UR,Verified,N/A,Pending,Verified,Pending,Pending,House No. 240  Patel Nagar,Pending,Unassigned,false,,,
UPP-6799,15,35,ROLL214911,REG5891709,Arnav Sama,Amira Agarwal,9496952587,bathindrans@gmail.com,Gorakhpur,UR,Verified,Verified,Verified,Verified,Verified,Pending,House No. 677  Shivaji Nagar,Pending,Unassigned,false,,,
UPP-7928,16,39,ROLL826276,REG4289528,Ehsaan Baral,Advik Lata,7529458750,sairadhawan@hotmail.com,Varanasi,UR,Verified,Verified,Verified,Verified,N/A,N/A,House No. 348  Civil Lines,Pending,Unassigned,false,,,
UPP-1847,17,42,ROLL339248,REG1697743,Divij Dewan,Zain Kara,7710536647,veerbhardwaj@sehgal-sahota.com,Prayagraj,UR,Offline Verified,Offline Verified,Verified,Verified,N/A,N/A,House No. 30  Station Road,Pending,Unassigned,false,,,
UPP-4700,18,45,ROLL603086,REG9005877,Umang Bhakta,Lavanya Bhattacharyya,6847379402,lchaudry@hotmail.com,Prayagraj,UR,Verified,Verified,Verified,Verified,N/A,N/A,House No. 451  Civil Lines,Pending,Unassigned,false,,,
UPP-5761,19,45,ROLL764608,REG8290796,Mehul Saran,Krish Iyer,8842654202,faiyazchakrabarti@mane.com,Kanpur,UR,Verified,Verified,Offline Verified,Verified,N/A,Pending,House No. 823  Shivaji Nagar,Pending,Unassigned,false,,,
UPP-8487,20,48,ROLL585055,REG9606055,Elakshi Barman,Mishti Rastogi,6497304011,prerakkar@desai.com,Varanasi,UR,Verified,Verified,Offline Verified,Verified,Verified,N/A,House No. 8  Patel Nagar,Pending,Unassigned,false,,,
UPP-5720,21,55,ROLL321904,REG5690179,Ehsaan Bajwa,Romil Deshmukh,8133239440,bhardwajarmaan@gmail.com,Lucknow,UR,Verified,Verified,Verified,Verified,Verified,Pending,House No. 646  Shivaji Nagar,Pending,Unassigned,false,,,
UPP-9079,22,61,ROLL114898,REG3659922,Priyansh Ramanathan,Hridaan Garg,8706574732,wdalia@toor-saxena.net,Lucknow,UR,Verified,Verified,Verified,Verified,Verified,Pending,House No. 575  Nehru Nagar,Pending,Unassigned,false,,,
UPP-7675,23,64,ROLL894201,REG4010704,Kismat Saha,Vedika Kapoor,7302149876,adirasood@dewan.biz,Agra,UR,Verified,Verified,Verified,Verified,Verified,Pending,House No. 273  Nehru Nagar,Pending,Unassigned,false,,,
UPP-3168,24,68,ROLL385497,REG4704333,Eva Loke,Piya Char,8183215717,zeeshantandon@gmail.com,Prayagraj,UR,Verified,Verified,Verified,N/A,N/A,N/A,House No. 741  MG Road,Pending,Unassigned,false,,,
UPP-9682,25,68,ROLL616253,REG3849061,Prisha Subramaniam,Ranbir Koshy,6723888361,saira99@gmail.com,Varanasi,UR,Verified,Verified,Verified,Verified,N/A,N/A,House No. 625  Ashok Vihar,Pending,Unassigned,false,,,
UPP-4084,26,70,ROLL347312,REG6684098,Samarth Dhar,Taran Talwar,6402276965,nlala@mandal-rama.com,Agra,UR,Verified,Verified,Verified,Verified,N/A,N/A,House No. 427  Patel Nagar,Pending,Unassigned,false,,,
UPP-2155,27,71,ROLL240460,REG4305250,Anay Ghose,Yasmin Chokshi,7659519356,advikakhalsa@toor.info,Gorakhpur,UR,Verified,Verified,Offline Verified,Verified,N/A,N/A,House No. 921  Civil Lines,Pending,Unassigned,false,,,
UPP-9658,28,74,ROLL531847,REG2378968,Jhanvi Rastogi,Lagan Krishna,8826026693,samihavarma@sachdeva.com,Ayodhya,UR,Verified,Verified,Verified,Verified,N/A,N/A,House No. 128  Indira Nagar,Pending,Unassigned,false,,,
UPP-2397,29,77,ROLL533301,REG3020691,Samar Bhagat,Ojas Thakur,7936351612,chaudryindrajit@hotmail.com,Ayodhya,UR,Verified,Verified,Verified,Verified,N/A,N/A,House No. 122  Shivaji Nagar,Pending,Unassigned,false,,,
UPP-3510,30,80,ROLL176843,REG2355392,Taran Rajan,Dharmajan Sarkar,6337690307,bdeep@gmail.com,Kanpur,UR,Verified,Verified,Offline Verified,Verified,N/A,N/A,House No. 779  Civil Lines,Pending,Unassigned,false,,,
UPP-1130,31,81,ROLL494874,REG7435785,Anvi Wali,Nirvi Agrawal,7748749869,hjani@rajagopalan-kala.com,Varanasi,UR,Verified,Verified,Offline Verified,Verified,Verified,Pending,House No. 752  Civil Lines,Pending,Unassigned,false,,,
UPP-7800,32,84,ROLL935466,REG7414178,Suhana Wali,Zaina Gupta,6895287129,kgaba@seshadri-khosla.info,Prayagraj,UR,Verified,Verified,Verified,Verified,N/A,N/A,House No. 303  Indira Nagar,Pending,Unassigned,false,,,
UPP-5562,33,85,ROLL792375,REG2474127,Pihu Sibal,Aayush Goel,8722820571,vbanerjee@barad.com,Jhansi,UR,Verified,Verified,Verified,Verified,N/A,N/A,House No. 168  Shivaji Nagar,Pending,Unassigned,false,,,
UPP-7569,34,87,ROLL774105,REG8964331,Rati Chauhan,Reyansh Ganesh,9724715971,riaan00@yahoo.com,Lucknow,UR,Verified,Verified,Verified,Verified,Verified,N/A,House No. 728  Shivaji Nagar,Pending,Unassigned,false,,,
UPP-5766,35,88,ROLL113344,REG8575587,Taran Chaudhari,Lavanya Dubey,8036858169,boramiraan@yahoo.com,Lucknow,UR,Verified,Verified,Verified,Verified,Verified,Pending,House No. 619  Gandhi Colony,Pending,Unassigned,false,,,
UPP-9476,36,89,ROLL821996,REG5414695,Yuvraj  Kara,Samar Gopal,8976201463,jsarraf@goel-kata.com,Kanpur,UR,Verified,Verified,Verified,Verified,N/A,N/A,House No. 277  Gandhi Colony,Pending,Unassigned,false,,,
UPP-1305,37,91,ROLL708359,REG6674332,Hazel Krishna,Emir Wali,7364113180,vidur54@thaman.com,Unnao,UR,Verified,Verified,Verified,Verified,N/A,N/A,House No. 919  Patel Nagar,Pending,Unassigned,false,,,
UPP-4665,38,95,ROLL860354,REG1106491,Rati Virk,Shaan Bakshi,6456350383,amiraganesh@hotmail.com,Ayodhya,UR,Verified,Verified,Verified,Verified,N/A,N/A,House No. 739  Gandhi Colony,Pending,Unassigned,false,,,
UPP-7752,39,99,ROLL958841,REG4754187,Himmat Sarna,Gokul Mangal,7179747753,ishita68@gmail.com,Lucknow,UR,Verified,Verified,Verified,Verified,N/A,N/A,House No. 574  Ashok Vihar,Pending,Unassigned,false,,,
UPP-1745,40,99,ROLL725702,REG1105688,Ira Ratta,Biju Tailor,9567073258,devansh58@gmail.com,Gorakhpur,UR,Offline Verified,Offline Verified,Offline Verified,N/A,N/A,N/A,House No. 849  Nehru Nagar,Pending,Unassigned,false,,,
UPP-7191,41,101,ROLL965090,REG2741301,Fateh Kaul,Romil Karnik,6662359173,vohrachirag@hotmail.com,Lucknow,UR,Verified,Offline Verified,Verified,Verified,Verified,N/A,House No. 384  Shivaji Nagar,Pending,Unassigned,false,,,
UPP-9485,42,102,ROLL829220,REG5522438,Hunar Dixit,Tiya Saini,9369164388,bavamisha@yahoo.com,Unnao,UR,Verified,Verified,Offline Verified,Verified,N/A,N/A,House No. 603  Rajajipuram,Pending,Unassigned,false,,,
UPP-1188,43,106,ROLL580489,REG3747072,Vaibhav Shetty,Raunak Dua,7415764094,hanskaira@yahoo.com,Lucknow,UR,Verified,Verified,Verified,N/A,N/A,N/A,House No. 447  Civil Lines,Pending,Unassigned,false,,,
UPP-8184,44,107,ROLL810166,REG3123354,Madhav Halder,Siya Dass,8226605929,urvivarma@gmail.com,Gorakhpur,UR,Verified,Verified,Offline Verified,Verified,N/A,N/A,House No. 353  Civil Lines,Pending,Unassigned,false,,,
UPP-4411,45,107,ROLL183534,REG1994608,Inaaya  Chanda,Hiran Mandal,7973449759,aradhyakale@yahoo.com,Ayodhya,UR,Verified,Verified,Verified,Verified,Verified,N/A,House No. 878  Rajajipuram,Pending,Unassigned,false,,,
UPP-7736,46,110,ROLL167677,REG1524173,Kismat Wali,Dharmajan Kulkarni,9726897567,mannurvi@yahoo.com,Prayagraj,UR,Verified,Verified,Verified,Verified,N/A,N/A,House No. 892  Civil Lines,Pending,Unassigned,false,,,
UPP-8015,47,110,ROLL509749,REG3176250,Raghav Chauhan,Samiha Ratta,8088396307,elal@chandran-chandran.com,Meerut,UR,Verified,Verified,Verified,Verified,N/A,N/A,House No. 392  Shivaji Nagar,Pending,Unassigned,false,,,
UPP-3263,48,115,ROLL162265,REG7530015,Advik Singh,Dishani Gaba,8616268221,nayantarashanker@yahoo.com,Ayodhya,UR,Verified,Verified,Verified,Verified,Verified,N/A,House No. 226  Ashok Vihar,Pending,Unassigned,false,,,
UPP-6752,49,117,ROLL113644,REG5312051,Badal Srinivas,Gokul Chauhan,9147117902,ichadha@hotmail.com,Prayagraj,UR,Verified,Verified,Verified,Verified,Verified,Pending,House No. 712  Indira Nagar,Pending,Unassigned,false,,,
UPP-8770,50,118,ROLL608037,REG3971437,Drishya Majumdar,Diya Tiwari,6841353413,anyagolla@gmail.com,Agra,UR,Verified,Verified,Offline Verified,Verified,Verified,N/A,House No. 874  Gandhi Colony,Pending,Unassigned,false,,,
UPP-3678,51,119,ROLL384087,REG5289131,Zoya Sanghvi,Tanya Ramachandran,6135633756,anvirao@yahoo.com,Varanasi,UR,Offline Verified,Verified,Offline Verified,Verified,N/A,N/A,House No. 927  Indira Nagar,Pending,Unassigned,false,,,
UPP-7984,52,123,ROLL108451,REG2273954,Shalv Aggarwal,Lakshit Sani,6015600971,raghav12@kala-thakur.biz,Unnao,UR,Verified,Verified,Verified,Verified,N/A,N/A,House No. 354  MG Road,Pending,Unassigned,false,,,
UPP-9933,53,125,ROLL163647,REG3350837,Yuvaan Mannan,Samarth Walia,6080268224,dchandra@kapur-khurana.com,Gorakhpur,UR,Verified,Verified,Verified,Verified,Verified,Pending,House No. 612  Gandhi Colony,Pending,Unassigned,false,,,
UPP-2336,54,127,ROLL949340,REG2889794,Shanaya Chanda,Faiyaz Sha,7403576400,misha91@gmail.com,Agra,UR,Verified,Verified,Offline Verified,Offline Verified,Offline Verified,N/A,House No. 778  Patel Nagar,Pending,Unassigned,false,,,
UPP-1538,55,127,ROLL609193,REG4103072,Rhea Seth,Tara Tiwari,9082564541,mishtimangal@singh.com,Gorakhpur,UR,Verified,Verified,Offline Verified,Verified,N/A,N/A,House No. 889  Gandhi Colony,Pending,Unassigned,false,,,
UPP-1311,56,137,ROLL913062,REG3772843,Miraan Bava,Ishita Garde,6078445866,divij07@yahoo.com,Lucknow,UR,Verified,Verified,Verified,Verified,Verified,Pending,House No. 725  Civil Lines,Pending,Unassigned,false,,,
UPP-1654,57,138,ROLL850840,REG9986674,Jayesh Sinha,Ivan Balasubramanian,6243017673,ramasamaira@vyas-thakur.biz,Meerut,UR,Verified,Verified,Offline Verified,Verified,N/A,N/A,House No. 40  Shivaji Nagar,Pending,Unassigned,false,,,
UPP-4751,58,143,ROLL946848,REG5284927,Ehsaan Balan,Kismat Kant,6625181321,kabirchokshi@yahoo.com,Kanpur,UR,Offline Verified,Verified,Verified,Verified,Verified,N/A,House No. 724  Shivaji Nagar,Pending,Unassigned,false,,,
UPP-5610,59,146,ROLL360345,REG6274239,Tarini Atwal,Trisha Ghosh,7338447757,wshukla@hotmail.com,Prayagraj,UR,Verified,Verified,Verified,Verified,N/A,N/A,House No. 548  MG Road,Pending,Unassigned,false,,,
UPP-5876,60,147,ROLL727627,REG3486715,Saanvi Shenoy,Bhamini Ray,6451891701,onkar52@madan.com,Unnao,UR,Offline Verified,Verified,Offline Verified,Verified,N/A,N/A,House No. 930  Ashok Vihar,Pending,Unassigned,false,,,
UPP-7438,61,149,ROLL246984,REG8728301,Vanya Luthra,Samarth Gandhi,8842558045,ivanamajumdar@yahoo.com,Gorakhpur,UR,Verified,Verified,Verified,Verified,Verified,N/A,House No. 952  Ashok Vihar,Pending,Unassigned,false,,,
UPP-5082,62,150,ROLL338680,REG2340076,Shray Sarin,Pranay Chandra,8247782879,yuvaan01@yahoo.com,Lucknow,UR,Verified,Verified,Verified,Verified,N/A,N/A,House No. 488  Nehru Nagar,Pending,Unassigned,false,,,
UPP-3056,63,151,ROLL332712,REG9476357,Aarav Singh,Divij Sheth,8159082313,jiya03@hotmail.com,Agra,UR,Verified,Verified,Verified,Verified,N/A,N/A,House No. 891  Patel Nagar,Pending,Unassigned,false,,,
UPP-1224,64,153,ROLL370579,REG7912424,Nirvi Subramanian,Rhea Edwin,8647947570,bailprerak@hotmail.com,Prayagraj,UR,Offline Verified,Verified,Verified,Verified,N/A,N/A,House No. 285  Rajajipuram,Pending,Unassigned,false,,,
UPP-7083,65,155,ROLL340676,REG7786007,Vidur Bahl,Baiju Mangal,9672532849,saanvitailor@yahoo.com,Ayodhya,UR,Verified,Verified,Verified,Verified,N/A,N/A,House No. 706  Nehru Nagar,Pending,Unassigned,false,,,
UPP-4830,66,160,ROLL610724,REG3697106,Aarna De,Suhana Tandon,8839345403,rajzaina@dey.com,Gorakhpur,UR,Verified,Verified,Verified,Verified,N/A,N/A,House No. 766  Ashok Vihar,Pending,Unassigned,false,,,
UPP-1063,67,161,ROLL273485,REG7409034,Kaira Acharya,Neysa Lad,6852193079,ysingh@hotmail.com,Kanpur,UR,Verified,Verified,Verified,N/A,N/A,N/A,House No. 944  Ashok Vihar,Pending,Unassigned,false,,,
UPP-7949,68,162,ROLL992841,REG2480107,Kismat Rama,Kimaya Ganesan,9521829461,ivan97@thaker.com,Gorakhpur,UR,Verified,Verified,Verified,Verified,Verified,N/A,House No. 233  Gandhi Colony,Pending,Unassigned,false,,,
UPP-3169,69,165,ROLL576889,REG5617843,Shlok Dhar,Anika Sidhu,9491562826,varmadharmajan@hotmail.com,Unnao,UR,Verified,Verified,Offline Verified,Verified,Verified,N/A,House No. 334  Rajajipuram,Pending,Unassigned,false,,,
UPP-5135,70,167,ROLL861417,REG1794467,Shlok Hayre,Yuvraj  Kannan,6039725679,hansh00@chand.org,Kanpur,UR,Verified,Verified,Verified,Verified,N/A,N/A,House No. 278  MG Road,Pending,Unassigned,false,,,
UPP-2465,71,169,ROLL247311,REG2107694,Gokul Sandhu,Ojas Tank,7271616094,misha52@yahoo.com,Ayodhya,UR,Verified,Verified,Verified,Verified,Verified,N/A,House No. 381  Rajajipuram,Pending,Unassigned,false,,,
UPP-6044,72,171,ROLL650278,REG5530477,Rasha Varkey,Lagan Datta,9251360767,sahotabiju@rattan.org,Agra,UR,Verified,Verified,Offline Verified,Verified,Verified,Pending,House No. 147  Nehru Nagar,Pending,Unassigned,false,,,
UPP-2767,73,177,ROLL448390,REG1186355,Ivana Butala,Riaan Raj,7874040104,rania51@gmail.com,Agra,UR,Verified,Verified,Offline Verified,Verified,Verified,N/A,House No. 814  Rajajipuram,Pending,Unassigned,false,,,
UPP-5874,74,178,ROLL295478,REG6416472,Lakshit Gulati,Krish Luthra,8536356669,trisha55@ray.biz,Agra,UR,Verified,Verified,Offline Verified,Verified,N/A,N/A,House No. 271  Station Road,Pending,Unassigned,false,,,
UPP-8613,75,188,ROLL289721,REG5474546,Nishith Verma,Shanaya Bose,8176657131,sethijayan@gmail.com,Prayagraj,UR,Verified,Verified,Verified,Verified,Verified,Pending,House No. 386  Ashok Vihar,Pending,Unassigned,false,,,
UPP-7362,76,189,ROLL194998,REG4656889,Keya Uppal,Indranil Arora,6609936339,miraya94@gill.org,Kanpur,UR,Verified,Verified,Verified,Verified,N/A,N/A,House No. 432  Gandhi Colony,Pending,Unassigned,false,,,
UPP-8272,77,190,ROLL970009,REG3230896,Mohanlal Hora,Samaira Ghose,8846260231,nitarasibal@yahoo.com,Unnao,UR,Verified,Verified,Offline Verified,Verified,Verified,Pending,House No. 837  Nehru Nagar,Pending,Unassigned,false,,,
UPP-9798,78,193,ROLL374282,REG2411449,Trisha Manda,Anika Sheth,7429279263,barora@hotmail.com,Gorakhpur,UR,Verified,Verified,Verified,Verified,N/A,N/A,House No. 852  MG Road,Pending,Unassigned,false,,,
UPP-8838,79,195,ROLL524667,REG3229943,Bhavin Sundaram,Madhav Wali,9610906933,desaiaaina@yahoo.com,Lucknow,UR,Verified,Verified,Verified,Verified,N/A,N/A,House No. 338  Patel Nagar,Pending,Unassigned,false,,,
UPP-7703,80,200,ROLL272994,REG4267386,Tejas Kunda,Jiya Srinivasan,6535561028,sinhadivit@hotmail.com,Prayagraj,UR,Verified,Verified,Offline Verified,N/A,N/A,N/A,House No. 285  Patel Nagar,Pending,Unassigned,false,,,
UPP-5853,81,205,ROLL624102,REG9260241,Lagan Dora,Lakshay Toor,9000754321,taimurtiwari@hotmail.com,Unnao,UR,Verified,Verified,Verified,Verified,Verified,N/A,House No. 818  Ashok Vihar,Pending,Unassigned,false,,,
UPP-2786,82,206,ROLL406249,REG8195643,Zara Sehgal,Keya Soman,7209743345,riyabrar@kalla-kata.net,Varanasi,UR,Verified,Verified,Verified,Verified,N/A,N/A,House No. 66  Civil Lines,Pending,Unassigned,false,,,
UPP-9042,83,208,ROLL653287,REG8012483,Jiya Bedi,Romil Trivedi,9721070219,nrana@dua.com,Prayagraj,UR,Offline Verified,Offline Verified,Offline Verified,Verified,Verified,N/A,House No. 797  MG Road,Pending,Unassigned,false,,,
UPP-4667,84,209,ROLL564393,REG7990042,Rhea Vaidya,Siya Bal,7457574531,ivanlata@hotmail.com,Meerut,UR,Verified,Verified,Verified,Verified,N/A,N/A,House No. 520  Indira Nagar,Pending,Unassigned,false,,,
UPP-8678,85,209,ROLL110669,REG3226491,Charvi Balasubramanian,Ehsaan Chaudhuri,7505069453,vganesh@yahoo.com,Gorakhpur,UR,Verified,Offline Verified,Verified,Verified,N/A,N/A,House No. 694  MG Road,Pending,Unassigned,false,,,
UPP-4032,86,209,ROLL857939,REG6269297,Anahi Mall,Nishith Chandra,8186440446,amirakanda@vora.com,Lucknow,UR,Verified,Verified,Verified,Verified,Verified,Pending,House No. 566  Ashok Vihar,Pending,Unassigned,false,,,
UPP-2346,87,209,ROLL720609,REG7956706,Seher Walia,Tarini Srinivasan,7187819233,bassibhamini@tara-bath.biz,Kanpur,UR,Verified,Verified,Offline Verified,Verified,Verified,N/A,House No. 476  Indira Nagar,Pending,Unassigned,false,,,
UPP-7515,88,214,ROLL658992,REG5650066,Samar Sha,Adah Dalal,8596607915,abram43@gmail.com,Agra,UR,Verified,Verified,Offline Verified,Verified,N/A,N/A,House No. 653  Civil Lines,Pending,Unassigned,false,,,
UPP-6301,89,214,ROLL874369,REG9744528,Dhanuk Dutt,Adira Sheth,8348609817,rattiaaryahi@gmail.com,Jhansi,UR,Offline Verified,Offline Verified,Verified,Verified,Verified,Pending,House No. 331  Station Road,Pending,Unassigned,false,,,
UPP-6233,90,216,ROLL795298,REG6211634,Jayant Mane,Ojas Choudhury,7799435082,dejayan@bhatia-mannan.com,Lucknow,UR,Verified,Verified,Offline Verified,Verified,N/A,N/A,House No. 333  Gandhi Colony,Pending,Unassigned,false,,,
UPP-9300,91,216,ROLL236503,REG2367331,Dharmajan Sahni,Zoya Chaudhuri,8578888409,anya36@aurora.com,Varanasi,UR,Verified,Verified,Verified,Verified,Verified,Pending,House No. 567  Station Road,Pending,Unassigned,false,,,
UPP-4375,92,216,ROLL199090,REG8753285,Aarush Tandon,Vedika Uppal,8235143029,aniruddhsamra@gmail.com,Jhansi,UR,Verified,Verified,Verified,Verified,Verified,N/A,House No. 200  Patel Nagar,Pending,Unassigned,false,,,
UPP-1675,93,224,ROLL401156,REG8422515,Shamik Arya,Anahita Raman,6005957527,madhup79@hotmail.com,Lucknow,UR,Verified,Verified,Verified,Verified,Verified,Pending,House No. 808  Rajajipuram,Pending,Unassigned,false,,,
UPP-5534,94,225,ROLL984413,REG4331092,Arhaan Dhawan,Dhruv Kulkarni,7353277696,kimayadara@hotmail.com,Gorakhpur,UR,Verified,Verified,Offline Verified,Verified,N/A,N/A,House No. 717  Shivaji Nagar,Pending,Unassigned,false,,,
UPP-2029,95,225,ROLL627157,REG1166614,Azad Yogi,Rania Gopal,6608094769,basakarhaan@krish.com,Jhansi,UR,Verified,Verified,Verified,Verified,N/A,N/A,House No. 105  Patel Nagar,Pending,Unassigned,false,,,
UPP-7512,96,225,ROLL183671,REG4701302,Zaina Barad,Dharmajan Kapadia,7629336700,ytata@saini-raja.com,Ayodhya,UR,Verified,Verified,Verified,Verified,Verified,Pending,House No. 280  MG Road,Pending,Unassigned,false,,,
UPP-4132,97,226,ROLL624413,REG4433823,Navya Bala,Lakshay Sridhar,7858434790,vermajivin@gmail.com,Gorakhpur,UR,Verified,Verified,Verified,Verified,N/A,N/A,House No. 232  Rajajipuram,Pending,Unassigned,false,,,
UPP-7923,98,227,ROLL687298,REG2769037,Shlok Dash,Miraan Shanker,9746633542,chanasuhana@batta.com,Varanasi,UR,Verified,Verified,Verified,Verified,N/A,N/A,House No. 173  Ashok Vihar,Pending,Unassigned,false,,,
UPP-8824,99,228,ROLL318875,REG9364799,Stuvan Sarraf,Abram Mangat,6107761056,jayantbiswas@thakur-bail.com,Jhansi,UR,Verified,Verified,Offline Verified,Verified,Verified,Pending,House No. 163  Indira Nagar,Pending,Unassigned,false,,,
UPP-7839,100,237,ROLL556780,REG5118202,Ananya Sharma,Faiyaz Dave,8425283583,hrishita06@sule.com,Agra,UR-female,Verified,Verified,Verified,Offline Verified,N/A,N/A,House No. 281  Patel Nagar,Pending,Unassigned,false,,,
UPP-1111,101,239,ROLL260056,REG9239113,Priya Verma,Nirvaan Verma,9962607872,deephazel@hotmail.com,Lucknow,UR-female,Verified,Verified,Offline Verified,Verified,N/A,N/A,House No. 735  Gandhi Colony,Pending,Unassigned,false,,,
UPP-8060,102,240,ROLL450829,REG6149394,Anahita Batra,Tejas Shan,8221664731,tusharsengupta@hotmail.com,Gorakhpur,EWS,Verified,Verified,Offline Verified,Verified,N/A,Offline Verified,House No. 85  Indira Nagar,Pending,Unassigned,false,,,
UPP-6590,103,242,ROLL129118,REG7844864,Sneha Singh,Miraan Singh,8643839614,himmatgoda@gmail.com,Agra,UR-female,Verified,Verified,Verified,Verified,Verified,N/A,House No. 537  Civil Lines,Pending,Unassigned,false,,,
UPP-6895,104,242,ROLL292741,REG6526649,Vivaan Vora,Farhan Sundaram,8377586496,manjari12@ramakrishnan.com,Agra,OBC,Verified,Verified,Verified,Verified,Verified,N/A,House No. 107  Nehru Nagar,Pending,Unassigned,false,,,
UPP-1616,105,243,ROLL112887,REG1043308,Kiaan Dash,Stuvan Shanker,6243869686,arnavkala@hotmail.com,Meerut,OBC,Verified,Verified,Verified,Verified,Verified,N/A,House No. 677  Gandhi Colony,Pending,Unassigned,false,,,
UPP-2636,106,248,ROLL915051,REG1999155,Rasha Gole,Vardaniya Raman,9826040129,yasmin96@gmail.com,Prayagraj,OBC,Verified,Verified,Verified,Verified,Verified,N/A,House No. 283  Nehru Nagar,Pending,Unassigned,false,,,
UPP-4980,107,254,ROLL819278,REG4330827,Kartik Raman,Anahi Banerjee,7825206684,mamooty89@manne.com,Unnao,OBC,Verified,Verified,Verified,Verified,Verified,N/A,House No. 263  Civil Lines,Pending,Unassigned,false,,,
UPP-5555,108,254,ROLL150221,REG7035471,Suhana Swamy,Khushi Basu,8518765307,shayakbava@iyer.info,Gorakhpur,OBC,Verified,Verified,Verified,Verified,Verified,N/A,House No. 942  MG Road,Pending,Unassigned,false,,,
UPP-2791,109,261,ROLL986664,REG8400280,Samar Solanki,Eva Aurora,7091195842,xkoshy@barad-gole.com,Lucknow,OBC,Verified,Verified,Offline Verified,Verified,N/A,N/A,House No. 413  Nehru Nagar,Pending,Unassigned,false,,,
UPP-4133,110,262,ROLL827551,REG8084736,Hridaan Andra,Aayush Chana,9449270004,nehmat03@venkatesh.com,Prayagraj,OBC,Verified,Verified,Offline Verified,Verified,N/A,N/A,House No. 400  Patel Nagar,Pending,Unassigned,false,,,
UPP-1876,111,263,ROLL344431,REG3509401,Neysa Divan,Rohan Hegde,9195226056,devansh28@yahoo.com,Agra,ST,Verified,Verified,Offline Verified,Verified,N/A,N/A,House No. 216  Rajajipuram,Pending,Unassigned,false,,,
UPP-5510,112,263,ROLL931374,REG3324789,Tushar Banik,Hrishita Ravi,9352277192,aaina90@gmail.com,Meerut,OBC,Verified,Verified,Offline Verified,Verified,Verified,N/A,House No. 637  Indira Nagar,Pending,Unassigned,false,,,
UPP-7451,113,264,ROLL605485,REG9061644,Hansh Char,Pranay Varma,7550865152,madhav13@korpal.info,Lucknow,SC,Verified,Verified,Offline Verified,Verified,Verified,N/A,House No. 632  Civil Lines,Pending,Unassigned,false,,,
UPP-8552,114,268,ROLL472356,REG1817207,Dishani Chaudhuri,Devansh Lal,8899870693,raumehul@yahoo.com,Unnao,SC,Verified,Verified,Verified,Verified,Verified,N/A,House No. 312  Indira Nagar,Pending,Unassigned,false,,,
UPP-2019,115,268,ROLL417003,REG2862854,Anahita Brar,Mehul Saha,8053270895,raghav21@yahoo.com,Unnao,OBC,Verified,Verified,Offline Verified,Verified,Verified,N/A,House No. 361  Nehru Nagar,Pending,Unassigned,false,,,
UPP-4064,116,272,ROLL779996,REG5198091,Mishti Jaggi,Nirvi Sagar,8622655128,adah02@hotmail.com,Unnao,OBC,Verified,Verified,Offline Verified,Verified,Verified,N/A,House No. 428  Station Road,Pending,Unassigned,false,,,
UPP-2796,117,276,ROLL624205,REG8954634,Eva Yadav,Priyansh Som,8396535686,shaanbedi@yahoo.com,Varanasi,OBC,Verified,Verified,Verified,Verified,Verified,N/A,House No. 107  Station Road,Pending,Unassigned,false,,,
UPP-4983,118,281,ROLL680828,REG5645608,Jayan Shanker,Emir Contractor,6491953287,jsodhi@walla.org,Kanpur,OBC,Verified,N/A,Offline Verified,Verified,Verified,N/A,House No. 835  Civil Lines,Pending,Unassigned,false,,,
UPP-6764,119,282,ROLL811793,REG5211887,Biju Kari,Parinaaz Wason,6155126356,swamypiya@gmail.com,Kanpur,OBC,Verified,Verified,Offline Verified,Verified,Verified,N/A,House No. 752  Rajajipuram,Pending,Unassigned,false,,,
UPP-2142,120,285,ROLL790078,REG8723661,Neelofar Srinivasan,Faiyaz Atwal,6846003491,urvi22@yahoo.com,Jhansi,EWS,Verified,Verified,Verified,Verified,N/A,Offline Verified,House No. 927  Patel Nagar,Pending,Unassigned,false,,,
UPP-9215,121,285,ROLL843362,REG6159197,Renee Thaman,Yakshit Bhavsar,9814960525,sbehl@yahoo.com,Lucknow,SC,Verified,Verified,Offline Verified,Verified,Verified,N/A,House No. 643  MG Road,Pending,Unassigned,false,,,
UPP-6771,122,287,ROLL718140,REG8065868,Samiha Khatri,Charvi Chanda,6518178527,wbali@gmail.com,Ayodhya,SC,Verified,Verified,Offline Verified,Verified,Verified,N/A,House No. 238  Station Road,Pending,Unassigned,false,,,
UPP-1613,123,293,ROLL209768,REG3467243,Darshit Agrawal,Yuvaan Singhal,7795885328,dchokshi@din-ramakrishnan.info,Lucknow,OBC,Verified,Verified,Offline Verified,Verified,Verified,N/A,House No. 901  Indira Nagar,Pending,Unassigned,false,,,
UPP-4962,124,297,ROLL567239,REG4634665,Vidur Buch,Samiha Banerjee,7284025259,ramjayan@kade.com,Lucknow,OBC,Verified,Verified,Verified,Verified,Verified,N/A,House No. 241  Rajajipuram,Pending,Unassigned,false,,,
UPP-9542,125,297,ROLL178036,REG5058258,Neysa Rau,Keya Vora,6720784542,nakularya@gmail.com,Jhansi,SC,Verified,Verified,Verified,Verified,Verified,N/A,House No. 555  MG Road,Pending,Unassigned,false,,,
UPP-8208,126,300,ROLL734174,REG5462039,Navya Lata,Piya Raj,7661011740,divij84@gmail.com,Gorakhpur,OBC,Verified,Verified,Verified,Verified,Verified,N/A,House No. 155  Nehru Nagar,Pending,Unassigned,false,,,
UPP-2954,127,303,ROLL144844,REG3166366,Kavya Mishra,Dharmajan Barad,8445181600,lsen@iyengar-sood.com,Ayodhya,UR-female,Verified,Verified,Verified,Verified,N/A,N/A,House No. 430  Ashok Vihar,Pending,Unassigned,false,,,
UPP-7416,128,305,ROLL967710,REG3949285,Zoya Bassi,Nitya Aurora,9274175524,samarsunder@srinivas-grewal.com,Unnao,OBC,Verified,Verified,Offline Verified,Verified,Verified,N/A,House No. 473  Ashok Vihar,Pending,Unassigned,false,,,
UPP-8214,129,306,ROLL159555,REG7077033,Ahana  Dhar,Manikya Borde,9553928917,tellaivana@yahoo.com,Meerut,SC,Verified,Verified,Offline Verified,Verified,Verified,N/A,House No. 107  Ashok Vihar,Pending,Unassigned,false,,,
UPP-7662,130,309,ROLL118186,REG1442066,Nishith Sami,Anvi Sha,7829275809,tanejalakshit@yahoo.com,Lucknow,OBC,Verified,Verified,Verified,Verified,Verified,N/A,House No. 376  Rajajipuram,Pending,Unassigned,false,,,
UPP-5839,131,314,ROLL770965,REG4424558,Jayesh Chander,Nitara Varghese,7689830922,bariasuhana@goswami.com,Prayagraj,OBC,Verified,Verified,Verified,Verified,Verified,N/A,House No. 159  Indira Nagar,Pending,Unassigned,false,,,
UPP-4751,132,314,ROLL817255,REG7114067,Aaina Sarna,Sahil Khatri,7701842109,tanya61@gmail.com,Lucknow,OBC,Verified,Verified,Verified,Verified,Verified,N/A,House No. 6  Civil Lines,Pending,Unassigned,false,,,
UPP-5846,133,318,ROLL593319,REG1445935,Zoya Thakur,Drishya Jain,8544840362,shamikgokhale@sahni.info,Meerut,OBC,Verified,Verified,Verified,Verified,Verified,N/A,House No. 729  Ashok Vihar,Pending,Unassigned,false,,,
UPP-6182,134,320,ROLL244400,REG2975448,Jiya Goel,Mannat Doctor,6115847840,yuvraj-92@goswami-hayre.net,Agra,EWS,Verified,Verified,Verified,Verified,N/A,Offline Verified,House No. 632  Station Road,Pending,Unassigned,false,,,
UPP-5037,135,323,ROLL351525,REG5333813,Farhan Aurora,Saanvi Sachar,8629665272,kuruvillaranbir@gmail.com,Agra,OBC,Verified,Verified,Verified,Verified,Verified,N/A,House No. 464  MG Road,Pending,Unassigned,false,,,
UPP-8155,136,326,ROLL818141,REG6372756,Madhup Ganesh,Emir Thakur,7953417498,krishnamurthyshalv@gmail.com,Varanasi,OBC,Verified,Verified,Offline Verified,Verified,Verified,N/A,House No. 963  Gandhi Colony,Pending,Unassigned,false,,,
UPP-9997,137,327,ROLL883327,REG5986422,Anahi Yogi,Yuvaan Shankar,8386210057,kalitaaarush@ahuja.com,Prayagraj,OBC,Verified,Verified,Verified,Verified,Verified,N/A,House No. 480  Rajajipuram,Pending,Unassigned,false,,,
UPP-6563,138,328,ROLL609707,REG7819440,Tarini Wadhwa,Uthkarsh Wagle,6529572773,rativohra@seth.biz,Kanpur,OBC,Verified,Verified,Verified,Verified,Verified,N/A,House No. 493  Station Road,Pending,Unassigned,false,,,
UPP-8025,139,341,ROLL372425,REG7219243,Anahi Bansal,Pari Contractor,8931230192,mishaagrawal@yahoo.com,Kanpur,SC,Verified,Verified,Verified,Verified,Verified,N/A,House No. 530  Ashok Vihar,Pending,Unassigned,false,,,
UPP-8806,140,341,ROLL210846,REG2307001,Shanaya Doshi,Anvi Chaudhuri,7456117146,tbhardwaj@chaudhary.org,Ayodhya,OBC,Verified,Verified,Offline Verified,Verified,Verified,N/A,House No. 129  Patel Nagar,Pending,Unassigned,false,,,
UPP-1486,141,347,ROLL477400,REG1845294,Lakshit Goyal,Lagan Aggarwal,9455797962,jayandugar@bora-gola.org,Unnao,SC,Verified,Verified,Offline Verified,Verified,Verified,N/A,House No. 581  Shivaji Nagar,Pending,Unassigned,false,,,
UPP-9426,142,352,ROLL735833,REG6125177,Advik Ahluwalia,Ira Sundaram,7741729397,nehmat31@thakur.com,Kanpur,OBC,Verified,Verified,Verified,Verified,Verified,N/A,House No. 172  Station Road,Pending,Unassigned,false,,,
UPP-5213,143,352,ROLL429129,REG9404555,Rania Deol,Jiya Balakrishnan,9826107342,ivanmadan@johal-bajwa.com,Lucknow,OBC,Verified,Verified,Verified,Verified,Verified,N/A,House No. 161  Shivaji Nagar,Pending,Unassigned,false,,,
UPP-5625,144,354,ROLL348610,REG6975752,Samiha Subramaniam,Mahika Thaker,6785031472,cdubey@viswanathan.com,Gorakhpur,OBC,Verified,Verified,Offline Verified,Verified,Verified,N/A,House No. 66  Rajajipuram,Pending,Unassigned,false,,,
UPP-3560,145,359,ROLL774853,REG2667817,Pooja Yadav,Nitara Mann Yadav,8288705154,lalkavya@sethi-sule.com,Ayodhya,UR-female,Verified,Verified,Verified,Verified,Verified,N/A,House No. 511  Station Road,Pending,Unassigned,false,,,
UPP-7878,146,360,ROLL822743,REG2876715,Hrishita Salvi,Dhruv Behl,6626241709,indrajitdar@zacharia.com,Varanasi,OBC,Verified,Verified,Verified,Verified,Verified,N/A,House No. 310  Nehru Nagar,Pending,Unassigned,false,,,
UPP-5052,147,364,ROLL466428,REG1361508,Jivin Kapadia,Mehul Tripathi,7860422439,brahmbhattmiraya@kothari.net,Unnao,OBC,Verified,Verified,Verified,Verified,Verified,N/A,House No. 809  Shivaji Nagar,Pending,Unassigned,false,,,
UPP-7061,148,367,ROLL298851,REG5005001,Aaina Badami,Kabir Lanka,9569873260,agateahana@aggarwal.com,Unnao,EWS,Verified,Offline Verified,Verified,Verified,N/A,Offline Verified,House No. 534  Indira Nagar,Pending,Unassigned,false,,,
UPP-2047,149,370,ROLL880345,REG6987740,Neha Gupta,Advika Hari  Gupta,6225092706,chirag28@yahoo.com,Meerut,UR-female,Verified,Verified,Verified,Verified,N/A,N/A,House No. 716  Gandhi Colony,Pending,Unassigned,false,,,
UPP-8964,150,372,ROLL396027,REG4241657,Vaibhav Soman,Jiya Mallick,6515954382,priyanshbora@yahoo.com,Agra,EWS,Verified,Verified,Verified,Verified,N/A,Offline Verified,House No. 710  Indira Nagar,Pending,Unassigned,false,,,
UPP-1197,151,373,ROLL254829,REG1436304,Ryan Rao,Manjari Walia,9337162321,msur@bhakta-soni.com,Varanasi,EWS,Verified,Verified,Verified,Verified,N/A,Offline Verified,House No. 906  Nehru Nagar,Pending,Unassigned,false,,,
UPP-5519,152,374,ROLL344593,REG2579822,Aarav Dugar,Yasmin Singh,8421611734,manjari30@yahoo.com,Kanpur,OBC,Verified,Verified,Verified,Verified,Verified,N/A,House No. 794  Shivaji Nagar,Pending,Unassigned,false,,,
UPP-1196,153,376,ROLL914088,REG4866653,Adah Saini,Nishith Atwal,7635114306,ebhargava@ravel.com,Gorakhpur,OBC,Verified,Verified,Verified,Verified,Verified,N/A,House No. 179  Indira Nagar,Pending,Unassigned,false,,,
UPP-1069,154,376,ROLL350928,REG1449148,Indrajit Dar,Trisha Thaman,6091072604,mahajannayantara@hotmail.com,Prayagraj,OBC,Verified,Offline Verified,Verified,Verified,Verified,N/A,House No. 457  Indira Nagar,Pending,Unassigned,false,,,
UPP-5006,155,378,ROLL147578,REG6586672,Jhanvi Goyal,Kiaan Krishna,7861745411,azadkari@issac.com,Jhansi,EWS,Offline Verified,Offline Verified,Offline Verified,Verified,N/A,Offline Verified,House No. 239  Gandhi Colony,Pending,Unassigned,false,,,
UPP-6012,156,379,ROLL887425,REG5918463,Devansh Bhalla,Mehul Seth,8962787735,kadakiajhanvi@gmail.com,Ayodhya,EWS,Offline Verified,Offline Verified,Verified,Verified,N/A,Offline Verified,House No. 57  Shivaji Nagar,Pending,Unassigned,false,,,
UPP-9006,157,387,ROLL361899,REG1659706,Umang Bera,Baiju Sankar,8254047286,vedika78@yahoo.com,Prayagraj,OBC,Verified,Verified,Offline Verified,Verified,Verified,N/A,House No. 616  Ashok Vihar,Pending,Unassigned,false,,,
UPP-4287,158,387,ROLL186041,REG2910777,Shlok Dua,Vritika Shukla,8417778860,ddin@doshi-dhawan.net,Jhansi,OBC,Verified,Verified,Verified,Verified,Verified,N/A,House No. 254  Nehru Nagar,Pending,Unassigned,false,,,
UPP-9659,159,389,ROLL601191,REG7746847,Yakshit Bava,Vritika Khalsa,9858837898,sanisara@yahoo.com,Lucknow,OBC,Verified,Verified,Offline Verified,Verified,Verified,N/A,House No. 730  Indira Nagar,Pending,Unassigned,false,,,
UPP-1167,160,393,ROLL675966,REG3152236,Simran Tiwari,Taran Tiwari,8010973945,dhingrahridaan@contractor.com,Lucknow,UR-female,Verified,Verified,Verified,Verified,N/A,N/A,House No. 111  Station Road,Pending,Unassigned,false,,,
UPP-8326,161,399,ROLL496323,REG1689062,Ishaan Agarwal,Navya Thakkar,6556455591,rdeshpande@sachdeva.com,Agra,EWS,Offline Verified,Offline Verified,Verified,Verified,N/A,Offline Verified,House No. 363  Station Road,Pending,Unassigned,false,,,
UPP-8464,162,403,ROLL710225,REG2469396,Nishith Chand,Kaira Aurora,7652285097,ssandhu@chander.biz,Meerut,OBC,Verified,Verified,Verified,Verified,Verified,N/A,House No. 197  Nehru Nagar,Pending,Unassigned,false,,,
UPP-3417,163,404,ROLL792497,REG6563626,Stuvan Dora,Zeeshan Bumb,8811453246,kavya97@lad.info,Gorakhpur,OBC,Verified,Verified,Verified,Verified,Verified,N/A,House No. 94  Ashok Vihar,Pending,Unassigned,false,,,
UPP-2582,164,409,ROLL131864,REG8727337,Shanaya Manda,Charvi Manne,8933469089,parinaaz51@gmail.com,Gorakhpur,SC,Verified,Verified,Verified,Verified,Verified,N/A,House No. 42  Shivaji Nagar,Pending,Unassigned,false,,,
UPP-9310,165,416,ROLL936421,REG1303819,Renee Kothari,Vritika Chandran,8967490273,jayesh83@hotmail.com,Unnao,OBC,Verified,Verified,Verified,Verified,Verified,N/A,House No. 54  Civil Lines,Pending,Unassigned,false,,,
UPP-7766,166,416,ROLL898437,REG5968378,Diya Khalsa,Biju Bala,9881858073,riyaahuja@hotmail.com,Varanasi,SC,Verified,Verified,Verified,Verified,Verified,N/A,House No. 224  Shivaji Nagar,Pending,Unassigned,false,,,
UPP-2032,167,418,ROLL550282,REG7507743,Renee Dayal,Tanya Sanghvi,9749488905,jayant53@hotmail.com,Meerut,EWS,Verified,Verified,Verified,Verified,N/A,Offline Verified,House No. 252  Gandhi Colony,Pending,Unassigned,false,,,
UPP-1005,168,420,ROLL943791,REG7816539,Muskan Tiwari,Anahita Tiwari,8811600840,gargaarna@varghese.info,Prayagraj,UR-female,Verified,Verified,Offline Verified,Offline Verified,N/A,N/A,House No. 612  Shivaji Nagar,Pending,Unassigned,false,,,
UPP-4845,169,425,ROLL430488,REG4512510,Keya Ghose,Kiara Kalita,7565096545,sumersura@borde.org,Unnao,OBC,Verified,Verified,Verified,Verified,Verified,N/A,House No. 374  Gandhi Colony,Pending,Unassigned,false,,,
UPP-1483,170,430,ROLL717917,REG2656234,Aditi Chauhan,Kiara Chauhan,7984742317,ldin@hotmail.com,Lucknow,UR-female,Verified,Verified,Offline Verified,Offline Verified,N/A,N/A,House No. 11  MG Road,Pending,Unassigned,false,,,
UPP-4430,171,436,ROLL207681,REG5176899,Ishaan Khatri,Purab Rout,8956532675,daminichar@sibal.net,Agra,OBC,Verified,Verified,Offline Verified,Verified,Verified,N/A,House No. 531  Civil Lines,Pending,Unassigned,false,,,
UPP-6532,172,439,ROLL391259,REG9992057,Himmat Varkey,Anay Sachdev,6607631709,vritikawalla@gmail.com,Agra,OBC,Verified,Verified,Offline Verified,Verified,Verified,N/A,House No. 186  Shivaji Nagar,Pending,Unassigned,false,,,
UPP-1323,173,440,ROLL709318,REG2405040,Riaan Atwal,Chirag Kulkarni,6218462023,riyakonda@hotmail.com,Meerut,OBC,Verified,Verified,Verified,Verified,Verified,N/A,House No. 148  Station Road,Pending,Unassigned,false,,,
UPP-5348,174,440,ROLL962353,REG5350817,Advik Koshy,Tejas Talwar,7009688250,bahrireyansh@dey-handa.org,Ayodhya,OBC,Verified,Verified,Verified,Verified,Verified,N/A,House No. 787  Gandhi Colony,Pending,Unassigned,false,,,
UPP-3800,175,442,ROLL829692,REG8142374,Faiyaz Rege,Faiyaz Wagle,7499719384,devansh17@khatri.com,Prayagraj,OBC,Verified,Verified,Verified,Verified,Verified,N/A,House No. 30  Shivaji Nagar,Pending,Unassigned,false,,,
UPP-5398,176,442,ROLL374021,REG7157852,Siya Sampath,Ela Wason,6653156805,devansh95@vora.com,Jhansi,OBC,Verified,Verified,Offline Verified,Verified,Verified,N/A,House No. 498  Patel Nagar,Pending,Unassigned,false,,,
UPP-3407,177,447,ROLL652435,REG9806960,Adah Rajagopal,Arhaan Tata,9142236046,madhup52@gmail.com,Gorakhpur,OBC,Verified,Verified,Verified,Verified,Verified,N/A,House No. 365  Gandhi Colony,Pending,Unassigned,false,,,
UPP-6992,178,450,ROLL378534,REG2946975,Biju Bhandari,Mohanlal Yogi,6502686260,zchatterjee@gmail.com,Unnao,OBC,Verified,Verified,Offline Verified,Verified,Verified,N/A,House No. 392  Ashok Vihar,Pending,Unassigned,false,,,
UPP-4721,179,453,ROLL895259,REG2155212,Raunak Kaur,Gokul Tella,6973981763,goelamani@char-behl.com,Prayagraj,SC,Verified,Verified,Verified,Verified,Verified,N/A,House No. 948  MG Road,Pending,Unassigned,false,,,
UPP-1722,180,457,ROLL804247,REG4376714,Elakshi Bawa,Raunak Garde,9512963169,advika46@hotmail.com,Gorakhpur,SC,Verified,Verified,Offline Verified,Verified,Offline Verified,N/A,House No. 72  Rajajipuram,Pending,Unassigned,false,,,
UPP-8402,181,457,ROLL750666,REG4471065,Jayant Walia,Samarth Kamdar,8034889693,yuvaan62@yahoo.com,Agra,OBC,Verified,Verified,Offline Verified,Verified,Verified,N/A,House No. 204  Shivaji Nagar,Pending,Unassigned,false,,,
UPP-4964,182,459,ROLL638862,REG4731090,Dishani Jain,Kiara Bera,6469843070,shroffveer@bains.com,Ayodhya,EWS,Verified,Verified,Verified,Verified,N/A,Offline Verified,House No. 672  Ashok Vihar,Pending,Unassigned,false,,,
UPP-1657,183,460,ROLL208919,REG4672234,Siya Kapadia,Kartik Deep,9035451936,uswamy@acharya.biz,Jhansi,EWS,Verified,Verified,Offline Verified,Verified,N/A,Offline Verified,House No. 138  Rajajipuram,Pending,Unassigned,false,,,
UPP-4483,184,460,ROLL980137,REG6075746,Hiran Shere,Aayush Sandal,8129021899,aradhyasubramanian@gmail.com,Varanasi,OBC,Verified,Verified,Offline Verified,Verified,Verified,N/A,House No. 145  Gandhi Colony,Pending,Unassigned,false,,,
UPP-6267,185,464,ROLL785762,REG4863612,Devansh Kunda,Nirvi Dhaliwal,6040849102,dharsuhana@shukla.com,Kanpur,SC,Verified,Verified,Offline Verified,Verified,Verified,N/A,House No. 100  Nehru Nagar,Pending,Unassigned,false,,,
UPP-9625,186,464,ROLL903028,REG8933324,Neelofar Gaba,Hrishita Tiwari,6873926881,riaan88@kashyap.com,Lucknow,EWS,Verified,Verified,Offline Verified,Verified,N/A,Offline Verified,House No. 280  Station Road,Pending,Unassigned,false,,,
UPP-3808,187,466,ROLL752927,REG6849820,Sumer Saha,Anahita Seth,6417107774,kaleemir@yahoo.com,Gorakhpur,OBC,Verified,Verified,Verified,Verified,Verified,N/A,House No. 239  Station Road,Pending,Unassigned,false,,,
UPP-5875,188,467,ROLL349613,REG8115320,Stuvan Grewal,Kashvi Toor,8850042968,jiyagandhi@hotmail.com,Lucknow,OBC,Verified,Verified,Verified,Verified,Verified,N/A,House No. 745  Civil Lines,Pending,Unassigned,false,,,
UPP-5603,189,469,ROLL691787,REG9740322,Baiju Handa,Shlok Swamy,7028032307,ela54@hotmail.com,Lucknow,OBC,Verified,Verified,Offline Verified,Verified,Verified,N/A,House No. 846  Shivaji Nagar,Pending,Unassigned,false,,,
UPP-4246,190,469,ROLL320465,REG2394302,Zeeshan Shenoy,Ehsaan Dass,8595957021,omaharaj@som-grover.com,Unnao,OBC,Verified,Verified,Offline Verified,Verified,Verified,N/A,House No. 657  Ashok Vihar,Pending,Unassigned,false,,,
UPP-1545,191,472,ROLL823158,REG3663994,Zara Mani,Amani Dyal,8514891896,dharmajangokhale@hotmail.com,Agra,EWS,Verified,Verified,Verified,Verified,N/A,Offline Verified,House No. 966  Patel Nagar,Pending,Unassigned,false,,,
UPP-7873,192,472,ROLL233702,REG1180376,Himmat D’Alia,Adira Mani,7335992884,anaya46@luthra.com,Meerut,OBC,Verified,Verified,Offline Verified,Verified,Verified,N/A,House No. 89  Ashok Vihar,Pending,Unassigned,false,,,
UPP-4567,193,473,ROLL115044,REG4903273,Pranay Lanka,Aaryahi Grewal,6427844026,singhamani@gmail.com,Varanasi,OBC,Verified,Verified,Verified,Verified,Verified,N/A,House No. 309  Civil Lines,Pending,Unassigned,false,,,
UPP-7135,194,478,ROLL551003,REG6300452,Tejas Mahal,Chirag Dar,9162878371,dharmajan72@hotmail.com,Kanpur,SC,Verified,Verified,Verified,Verified,Verified,N/A,House No. 429  Rajajipuram,Pending,Unassigned,false,,,
UPP-9182,195,478,ROLL823513,REG2649337,Zain Barad,Yakshit Mallick,8079456327,nyohannan@sem-sanghvi.biz,Agra,EWS,Verified,Verified,Verified,Verified,N/A,Offline Verified,House No. 95  Indira Nagar,Pending,Unassigned,false,,,
UPP-3933,196,488,ROLL771819,REG9614469,Divij Kara,Abram Ganguly,8602842517,jsrivastava@hotmail.com,Prayagraj,OBC,Verified,Verified,Offline Verified,Verified,Verified,N/A,House No. 933  Shivaji Nagar,Pending,Unassigned,false,,,
UPP-2418,197,489,ROLL981070,REG4019769,Ehsaan Mahal,Umang Kant,6648612064,bajwamanjari@hari-agrawal.net,Agra,SC,Verified,Verified,Offline Verified,Verified,Verified,N/A,House No. 665  Shivaji Nagar,Pending,Unassigned,false,,,
UPP-1754,198,494,ROLL233973,REG7103045,Suhana Johal,Inaaya  Dugar,7517898576,wshanker@goyal-trivedi.biz,Varanasi,EWS,Verified,Verified,Verified,Verified,N/A,Offline Verified,House No. 663  Nehru Nagar,Pending,Unassigned,false,,,
UPP-3782,199,496,ROLL420912,REG7449959,Keya Thakkar,Anay Sathe,7917269793,csrinivasan@hotmail.com,Meerut,OBC,Verified,Verified,Verified,Verified,Verified,N/A,House No. 754  Patel Nagar,Pending,Unassigned,false,,,